Exhibit,Species
African Grasslands,Zebras
African Grasslands,Impalas
African Grasslands,Elephants
African Grasslands,Giraffes
African Grasslands,Ostrich
African Grasslands,Kopje
Cat Complex,Amur Leopard
Cat Complex,Cougar
Cat Complex,Fishing Cat
Cat Complex,Jaguar
Cat Complex,Snow Leopard
Cat Complex,African Lion
Cat Complex,Bengal Tiger
Cat Complex,Indochinese Tiger
Cat Complex,Siberian Tiger
Desert Dome,Cental Bearded Dragon
Desert Dome,Collared Peccary
Desert Dome,Greater Roadrunner
Desert Dome,Desert Cottontail
Desert Dome,Swift Fox
Desert Dome,Cape Thick-knee
Desert Dome,Venomous Snakes
Desert Dome,Wallaby
Desert Dome,Meerkat
Desert Dome,Coatimundi
Desert Dome,Hummingbirds
Desert Dome,Ocelot
Desert Dome,Bat-eared Fox
Desert Dome,Klipspringer
Durham Family Bear Canyon,Polar Bear
Durham Family Bear Canyon,American Black Bear
Durham Family Bear Canyon,Sun Bear
Durham Family Bear Canyon,Spectacled Bear
Expedition Madagascar,Ring-tailed Lemur
Expedition Madagascar,Red Ruffed Lemur
Expedition Madagascar,Black-and-white Ruffed Lemur
Expedition Madagascar,Black Lemur
Expedition Madagascar,Mongoose Lemur
Expedition Madagascar,Aye-Aye
Expedition Madagascar,Collared Lemur
Expedition Madagascar,Brown Lemur
Expedition Madagascar,Fossa
Hubbard Gorilla Valley,Mantled Guereza
Hubbard Gorilla Valley,Wester Lowland
Hubbard Gorilla Valley,Wolf's Mona Monkey
Hubbard Gorilla Valley,Red River Hog
Hubbard Gorilla Valley,Diana Monkey
Hubbard Gorilla Valley,Abyssinian Ground Hornbill
Hubbard Gorilla Valley,Yellow-backer Duiker
Hubbard Gorilla Valley,Black Crowned Crane
Hubbard Orangutan Forest,Orangutans
Kingoms of the Night,Fossa Aardvark
Kingoms of the Night,Bats
Kingoms of the Night,Alligators
Kingoms of the Night,White Alligator
Kingoms of the Night,Greater Bushbaby
Kingoms of the Night,Beaver
Kingoms of the Night,Bushy-tailed Jird
Kingoms of the Night,Blind cave fish
Kingoms of the Night,Prehensile-tailed Porcupine
Kingoms of the Night,Three-banded Armadillos
Lied Jungle,Blue Monkey
Lied Jungle,Common Squirell Monkey
Lied Jungle,Black Howler Monkey
Lied Jungle,Pygmy Hippopotamus
Lied Jungle,Scarlet Macaw
Lied Jungle,Baird's Tapir
Lied Jungle,Indian Crested Porcupine
Lied Jungle,Gibbon Ape
Lied Jungle,Otter
Lied Jungle,Cichlid )
Lied Jungle,Philippine Crocodile
Garden of the Senses,Macaws
Garden of the Senses,South American Parrots
Garden of the Senses,Australia Cockatoos
Mutual of Omaha's Wild Kingdom Pavilion,Clown Fish
Mutual of Omaha's Wild Kingdom Pavilion,Degu
Mutual of Omaha's Wild Kingdom Pavilion,Figi Banded Iguana
Red Barn Park,Donkey
Red Barn Park,Camel
Red Barn Park,Goats
Suzanne and Walter Scott Aquarium,Tufted Puffin
Suzanne and Walter Scott Aquarium,Little Penguin
Suzanne and Walter Scott Aquarium,kind Penguin
Suzanne and Walter Scott Aquarium,Gentoo Penguin
Suzanne and Walter Scott Aquarium,Nautilus
Suzanne and Walter Scott Aquarium,Lionfish
Suzanne and Walter Scott Aquarium,Pufferfish
Suzanne and Walter Scott Aquarium,Moray Eel
Suzanne and Walter Scott Aquarium,Leafy Sea Dragon
Suzanne and Walter Scott Aquarium,Weedy Sea Dragon
Suzanne and Walter Scott Aquarium,Coral Reef
Suzanne and Walter Scott Aquarium,Sharks
Suzanne and Walter Scott Aquarium,Stingrays
Suzanne and Walter Scott Aquarium,Sea Turtles
Suzanne and Walter Scott Aquarium,Jelly Fish
Simmons Aviary,Flamingos
Simmons Aviary,Ducks
Simmons Aviary,Swans
Simmons Aviary,Storks
Simmons Aviary,Cranes
Simmons Aviary,Spoonbills
Simmons Aviary,Ibis
Simmons Aviary,Egrets